name,Price
HPCF542X,£76.54
MI92826,£11.29
KF01132,£2.55
XR74157,£231.98
LO06043,£3.07
XR99770,£33.84
CO66230,£169.72
JD07348,£9.18
EP15366,£1.55
NL22045,£5.04
RK74170,£9.53
RX00669,£13.35
SV43330,£4.04
HP39003,£250.51
STS20951,£8.00
PX02995,£6.78
SR11232,£3.01
CD27350,
MS88193,£37.04
EP47946,£19.41
KF72587,£167.75
KET04631,£175.09
3M92670,£16.87
KF04102,£3.51
MC00057,£192.19
BA67316,
HID81260,£61.56
2W03485,£0.95
GR02620,£11.33
NB60863,£75.87
ED36355,£1.54
PPR00611,£16.93
KF807728,£179.41
AU45665,£7.06
AA01841,£11.96
NH67184,£29.21
KF78752,£31.13
KF01301,£0.75
KF816882,£211.16
PB80005,£14.80
DB99437,£18.74
XR96630,£26.06
HPB6Y14A,£183.12
LB06004,
ST32336,£7.21
BB68822,£934.39
GH6132,£22.86
WX00212,£5.59
3M75511,£11.79
EM51650,£227.99
